{
  "user_based_cf": {
    "rmse": 1.9581595295284466,
    "mae": 1.5616835435195155
  },
  "item_based_cf": {
    "rmse": 1.9365384451755816,
    "mae": 1.5365626677954756
  },
  "matrix_factorization": {
    "rmse": 1.2929445972263989,
    "mae": 1.0697581713355075
  }
}