{
  "User_1": {
    "recommended_movies": [
      "Movie_42",
      "Movie_39",
      "Movie_8",
      "Movie_16",
      "Movie_28"
    ],
    "predicted_ratings": [
      2.8808399968834077,
      2.743758648747602,
      2.7426785904648927,
      2.7092716098486394,
      2.676633463069976
    ]
  },
  "User_2": {
    "recommended_movies": [
      "Movie_5",
      "Movie_42",
      "Movie_30",
      "Movie_16",
      "Movie_19"
    ],
    "predicted_ratings": [
      3.558977585081026,
      3.0452662798135925,
      3.0212882396473066,
      2.969518604353736,
      2.8495055980346824
    ]
  },
  "User_3": {
    "recommended_movies": [
      "Movie_11",
      "Movie_40",
      "Movie_20",
      "Movie_16",
      "Movie_36"
    ],
    "predicted_ratings": [
      3.7067180588580535,
      3.428451616407612,
      3.3481351277061675,
      3.333362047370698,
      3.322983407998951
    ]
  },
  "User_4": {
    "recommended_movies": [
      "Movie_15",
      "Movie_1",
      "Movie_38",
      "Movie_16",
      "Movie_9"
    ],
    "predicted_ratings": [
      2.5257375072928516,
      2.5019337252484095,
      2.500535753448328,
      2.45018040331825,
      2.429498583155326
    ]
  },
  "User_5": {
    "recommended_movies": [
      "Movie_21",
      "Movie_48",
      "Movie_41",
      "Movie_39",
      "Movie_31"
    ],
    "predicted_ratings": [
      3.019690086583705,
      2.932500924401742,
      2.6896485768990726,
      2.655411083013902,
      2.6511859144262315
    ]
  },
  "User_6": {
    "recommended_movies": [
      "Movie_16",
      "Movie_39",
      "Movie_48",
      "Movie_26",
      "Movie_15"
    ],
    "predicted_ratings": [
      3.3081067969151823,
      3.29360681010718,
      3.288898867408397,
      3.271738563853033,
      3.2573183224585422
    ]
  },
  "User_7": {
    "recommended_movies": [
      "Movie_26",
      "Movie_24",
      "Movie_12",
      "Movie_16",
      "Movie_9"
    ],
    "predicted_ratings": [
      3.7544738742274295,
      3.2993512186769776,
      3.249536677514145,
      3.1784875080111816,
      3.152046118072618
    ]
  },
  "User_8": {
    "recommended_movies": [
      "Movie_31",
      "Movie_46",
      "Movie_20",
      "Movie_21",
      "Movie_45"
    ],
    "predicted_ratings": [
      2.8091969859698165,
      2.6257492646326788,
      2.6079894076755417,
      2.4621981717124397,
      2.4260648340737183
    ]
  },
  "User_9": {
    "recommended_movies": [
      "Movie_15",
      "Movie_11",
      "Movie_19",
      "Movie_17",
      "Movie_12"
    ],
    "predicted_ratings": [
      2.4998407890162007,
      2.4960848030279474,
      2.472798086587264,
      2.468752850990373,
      2.4573181832532853
    ]
  },
  "User_10": {
    "recommended_movies": [
      "Movie_32",
      "Movie_39",
      "Movie_48",
      "Movie_27",
      "Movie_47"
    ],
    "predicted_ratings": [
      2.4102937027064355,
      2.2982356313652783,
      2.2883543854215294,
      2.2529211546978676,
      2.2389491200831233
    ]
  }
}